mode,engine,workers,scenario,n,sample,allocation_calls,requested_bytes,checksum
allocations,weave,4,spawn_empty,256,0,269,29560,32640
allocations,weave,4,spawn_empty,256,1,268,13176,32640
allocations,weave,4,spawn_empty,256,2,268,13176,32640
allocations,weave,4,spawn_empty,256,3,268,13176,32640
allocations,weave,4,spawn_empty,256,4,268,13176,32640
allocations,weave,4,spawn_empty,256,5,268,13176,32640
allocations,weave,4,spawn_empty,256,6,268,13176,32640
allocations,weave,4,spawn_empty,256,7,268,13176,32640
allocations,weave,4,spawn_empty,256,8,268,13176,32640
allocations,rayon,4,spawn_empty,256,0,263,15464,32640
allocations,rayon,4,spawn_empty,256,1,269,25784,32640
allocations,rayon,4,spawn_empty,256,2,269,25784,32640
allocations,rayon,4,spawn_empty,256,3,257,8216,32640
allocations,rayon,4,spawn_empty,256,4,269,25784,32640
allocations,rayon,4,spawn_empty,256,5,263,15464,32640
allocations,rayon,4,spawn_empty,256,6,269,25784,32640
allocations,rayon,4,spawn_empty,256,7,263,15464,32640
allocations,rayon,4,spawn_empty,256,8,263,15464,32640
allocations,sequential,4,spawn_empty,256,0,1,24,32640
allocations,sequential,4,spawn_empty,256,1,1,24,32640
allocations,sequential,4,spawn_empty,256,2,1,24,32640
allocations,sequential,4,spawn_empty,256,3,1,24,32640
allocations,sequential,4,spawn_empty,256,4,1,24,32640
allocations,sequential,4,spawn_empty,256,5,1,24,32640
allocations,sequential,4,spawn_empty,256,6,1,24,32640
allocations,sequential,4,spawn_empty,256,7,1,24,32640
allocations,sequential,4,spawn_empty,256,8,1,24,32640
allocations,weave,4,submit_small,256,0,770,30744,7957793737331801398
allocations,weave,4,submit_small,256,1,770,30744,7957793737331801398
allocations,weave,4,submit_small,256,2,770,30744,7957793737331801398
allocations,weave,4,submit_small,256,3,770,30744,7957793737331801398
allocations,weave,4,submit_small,256,4,770,30744,7957793737331801398
allocations,weave,4,submit_small,256,5,770,30744,7957793737331801398
allocations,weave,4,submit_small,256,6,770,30744,7957793737331801398
allocations,weave,4,submit_small,256,7,770,30744,7957793737331801398
allocations,weave,4,submit_small,256,8,770,30744,7957793737331801398
allocations,rayon,4,submit_small,256,0,266,22672,7957793737331801398
allocations,rayon,4,submit_small,256,1,269,25784,7957793737331801398
allocations,rayon,4,submit_small,256,2,263,18536,7957793737331801398
allocations,rayon,4,submit_small,256,3,269,25784,7957793737331801398
allocations,rayon,4,submit_small,256,4,260,11328,7957793737331801398
allocations,rayon,4,submit_small,256,5,257,8216,7957793737331801398
allocations,rayon,4,submit_small,256,6,263,15464,7957793737331801398
allocations,rayon,4,submit_small,256,7,269,25784,7957793737331801398
allocations,rayon,4,submit_small,256,8,263,15464,7957793737331801398
allocations,sequential,4,submit_small,256,0,1,24,7957793737331801398
allocations,sequential,4,submit_small,256,1,1,24,7957793737331801398
allocations,sequential,4,submit_small,256,2,1,24,7957793737331801398
allocations,sequential,4,submit_small,256,3,1,24,7957793737331801398
allocations,sequential,4,submit_small,256,4,1,24,7957793737331801398
allocations,sequential,4,submit_small,256,5,1,24,7957793737331801398
allocations,sequential,4,submit_small,256,6,1,24,7957793737331801398
allocations,sequential,4,submit_small,256,7,1,24,7957793737331801398
allocations,sequential,4,submit_small,256,8,1,24,7957793737331801398
allocations,weave,4,scope,256,0,514,10344,7957793737331801398
allocations,weave,4,scope,256,1,514,10344,7957793737331801398
allocations,weave,4,scope,256,2,514,10344,7957793737331801398
allocations,weave,4,scope,256,3,514,10344,7957793737331801398
allocations,weave,4,scope,256,4,514,10344,7957793737331801398
allocations,weave,4,scope,256,5,514,10344,7957793737331801398
allocations,weave,4,scope,256,6,514,10344,7957793737331801398
allocations,weave,4,scope,256,7,514,10344,7957793737331801398
allocations,weave,4,scope,256,8,514,10344,7957793737331801398
allocations,rayon,4,scope,256,0,263,15464,7957793737331801398
allocations,rayon,4,scope,256,1,269,25784,7957793737331801398
allocations,rayon,4,scope,256,2,263,15464,7957793737331801398
allocations,rayon,4,scope,256,3,263,15464,7957793737331801398
allocations,rayon,4,scope,256,4,269,25784,7957793737331801398
allocations,rayon,4,scope,256,5,263,15464,7957793737331801398
allocations,rayon,4,scope,256,6,266,22672,7957793737331801398
allocations,rayon,4,scope,256,7,266,21648,7957793737331801398
allocations,rayon,4,scope,256,8,269,25784,7957793737331801398
allocations,sequential,4,scope,256,0,1,24,7957793737331801398
allocations,sequential,4,scope,256,1,1,24,7957793737331801398
allocations,sequential,4,scope,256,2,1,24,7957793737331801398
allocations,sequential,4,scope,256,3,1,24,7957793737331801398
allocations,sequential,4,scope,256,4,1,24,7957793737331801398
allocations,sequential,4,scope,256,5,1,24,7957793737331801398
allocations,sequential,4,scope,256,6,1,24,7957793737331801398
allocations,sequential,4,scope,256,7,1,24,7957793737331801398
allocations,sequential,4,scope,256,8,1,24,7957793737331801398
allocations,weave,4,external_producers,1024,0,2068,43232,12571499402593664604
allocations,weave,4,external_producers,1024,1,2068,43232,12571499402593664604
allocations,weave,4,external_producers,1024,2,2069,108768,12571499402593664604
allocations,weave,4,external_producers,1024,3,2068,43232,12571499402593664604
allocations,weave,4,external_producers,1024,4,2068,43232,12571499402593664604
allocations,weave,4,external_producers,1024,5,2068,43232,12571499402593664604
allocations,weave,4,external_producers,1024,6,2068,43232,12571499402593664604
allocations,weave,4,external_producers,1024,7,2068,43232,12571499402593664604
allocations,weave,4,external_producers,1024,8,2068,43232,12571499402593664604
allocations,rayon,4,external_producers,1024,0,1082,94608,12571499402593664604
allocations,rayon,4,external_producers,1024,1,1085,100792,12571499402593664604
allocations,rayon,4,external_producers,1024,2,1090,106112,12571499402593664604
allocations,rayon,4,external_producers,1024,3,1088,104928,12571499402593664604
allocations,rayon,4,external_producers,1024,4,1084,95792,12571499402593664604
allocations,rayon,4,external_producers,1024,5,1083,96128,12571499402593664604
allocations,rayon,4,external_producers,1024,6,1082,94608,12571499402593664604
allocations,rayon,4,external_producers,1024,7,1082,94608,12571499402593664604
allocations,rayon,4,external_producers,1024,8,1082,94608,12571499402593664604
allocations,sequential,4,external_producers,1024,0,1,24,12571499402593664604
allocations,sequential,4,external_producers,1024,1,1,24,12571499402593664604
allocations,sequential,4,external_producers,1024,2,1,24,12571499402593664604
allocations,sequential,4,external_producers,1024,3,1,24,12571499402593664604
allocations,sequential,4,external_producers,1024,4,1,24,12571499402593664604
allocations,sequential,4,external_producers,1024,5,1,24,12571499402593664604
allocations,sequential,4,external_producers,1024,6,1,24,12571499402593664604
allocations,sequential,4,external_producers,1024,7,1,24,12571499402593664604
allocations,sequential,4,external_producers,1024,8,1,24,12571499402593664604
allocations,weave,4,heterogeneous,1024,0,2050,41064,11528553258842781276
allocations,weave,4,heterogeneous,1024,1,2050,41064,11528553258842781276
allocations,weave,4,heterogeneous,1024,2,2050,41064,11528553258842781276
allocations,weave,4,heterogeneous,1024,3,2050,41064,11528553258842781276
allocations,weave,4,heterogeneous,1024,4,2050,41064,11528553258842781276
allocations,weave,4,heterogeneous,1024,5,2050,41064,11528553258842781276
allocations,weave,4,heterogeneous,1024,6,2050,41064,11528553258842781276
allocations,weave,4,heterogeneous,1024,7,2050,41064,11528553258842781276
allocations,weave,4,heterogeneous,1024,8,2050,41064,11528553258842781276
allocations,rayon,4,heterogeneous,1024,0,1049,95576,11528553258842781276
allocations,rayon,4,heterogeneous,1024,1,1034,53392,11528553258842781276
allocations,rayon,4,heterogeneous,1024,2,1040,74976,11528553258842781276
allocations,rayon,4,heterogeneous,1024,3,1043,66824,11528553258842781276
allocations,rayon,4,heterogeneous,1024,4,1043,66824,11528553258842781276
allocations,rayon,4,heterogeneous,1024,5,1034,47248,11528553258842781276
allocations,rayon,4,heterogeneous,1024,6,1040,62688,11528553258842781276
allocations,rayon,4,heterogeneous,1024,7,1043,66824,11528553258842781276
allocations,rayon,4,heterogeneous,1024,8,1043,66824,11528553258842781276
allocations,sequential,4,heterogeneous,1024,0,1,24,11528553258842781276
allocations,sequential,4,heterogeneous,1024,1,1,24,11528553258842781276
allocations,sequential,4,heterogeneous,1024,2,1,24,11528553258842781276
allocations,sequential,4,heterogeneous,1024,3,1,24,11528553258842781276
allocations,sequential,4,heterogeneous,1024,4,1,24,11528553258842781276
allocations,sequential,4,heterogeneous,1024,5,1,24,11528553258842781276
allocations,sequential,4,heterogeneous,1024,6,1,24,11528553258842781276
allocations,sequential,4,heterogeneous,1024,7,1,24,11528553258842781276
allocations,sequential,4,heterogeneous,1024,8,1,24,11528553258842781276
allocations,weave,4,priority_labels,1024,0,1064,51064,12571499402593664604
allocations,weave,4,priority_labels,1024,1,1066,83736,12571499402593664604
allocations,weave,4,priority_labels,1024,2,1065,51480,12571499402593664604
allocations,weave,4,priority_labels,1024,3,1063,50808,12571499402593664604
allocations,weave,4,priority_labels,1024,4,1064,51064,12571499402593664604
allocations,weave,4,priority_labels,1024,5,1064,51224,12571499402593664604
allocations,weave,4,priority_labels,1024,6,1063,50808,12571499402593664604
allocations,weave,4,priority_labels,1024,7,1062,50712,12571499402593664604
allocations,weave,4,priority_labels,1024,8,1066,51576,12571499402593664604
allocations,rayon,4,priority_labels,1024,0,1031,61544,12571499402593664604
allocations,rayon,4,priority_labels,1024,1,1034,46224,12571499402593664604
allocations,rayon,4,priority_labels,1024,2,1040,63712,12571499402593664604
allocations,rayon,4,priority_labels,1024,3,1046,91440,12571499402593664604
allocations,rayon,4,priority_labels,1024,4,1043,66824,12571499402593664604
allocations,rayon,4,priority_labels,1024,5,1031,40040,12571499402593664604
allocations,rayon,4,priority_labels,1024,6,1031,40040,12571499402593664604
allocations,rayon,4,priority_labels,1024,7,1031,40040,12571499402593664604
allocations,rayon,4,priority_labels,1024,8,1031,40040,12571499402593664604
allocations,sequential,4,priority_labels,1024,0,1,24,12571499402593664604
allocations,sequential,4,priority_labels,1024,1,1,24,12571499402593664604
allocations,sequential,4,priority_labels,1024,2,1,24,12571499402593664604
allocations,sequential,4,priority_labels,1024,3,1,24,12571499402593664604
allocations,sequential,4,priority_labels,1024,4,1,24,12571499402593664604
allocations,sequential,4,priority_labels,1024,5,1,24,12571499402593664604
allocations,sequential,4,priority_labels,1024,6,1,24,12571499402593664604
allocations,sequential,4,priority_labels,1024,7,1,24,12571499402593664604
allocations,sequential,4,priority_labels,1024,8,1,24,12571499402593664604
allocations,weave,4,join,128,0,384,14336,8795930490495190400
allocations,weave,4,join,128,1,384,14336,8795930490495190400
allocations,weave,4,join,128,2,385,14848,8795930490495190400
allocations,weave,4,join,128,3,384,14336,8795930490495190400
allocations,weave,4,join,128,4,384,14336,8795930490495190400
allocations,weave,4,join,128,5,384,14336,8795930490495190400
allocations,weave,4,join,128,6,384,14336,8795930490495190400
allocations,weave,4,join,128,7,384,14336,8795930490495190400
allocations,weave,4,join,128,8,384,14336,8795930490495190400
allocations,rayon,4,join,128,0,0,0,8795930490495190400
allocations,rayon,4,join,128,1,0,0,8795930490495190400
allocations,rayon,4,join,128,2,0,0,8795930490495190400
allocations,rayon,4,join,128,3,0,0,8795930490495190400
allocations,rayon,4,join,128,4,0,0,8795930490495190400
allocations,rayon,4,join,128,5,0,0,8795930490495190400
allocations,rayon,4,join,128,6,0,0,8795930490495190400
allocations,rayon,4,join,128,7,0,0,8795930490495190400
allocations,rayon,4,join,128,8,0,0,8795930490495190400
allocations,sequential,4,join,128,0,0,0,8795930490495190400
allocations,sequential,4,join,128,1,0,0,8795930490495190400
allocations,sequential,4,join,128,2,0,0,8795930490495190400
allocations,sequential,4,join,128,3,0,0,8795930490495190400
allocations,sequential,4,join,128,4,0,0,8795930490495190400
allocations,sequential,4,join,128,5,0,0,8795930490495190400
allocations,sequential,4,join,128,6,0,0,8795930490495190400
allocations,sequential,4,join,128,7,0,0,8795930490495190400
allocations,sequential,4,join,128,8,0,0,8795930490495190400
allocations,weave,4,nested,512,0,1537,58368,16736977888271209984
allocations,weave,4,nested,512,1,1536,57344,16736977888271209984
allocations,weave,4,nested,512,2,1536,57344,16736977888271209984
allocations,weave,4,nested,512,3,1536,57344,16736977888271209984
allocations,weave,4,nested,512,4,1536,57344,16736977888271209984
allocations,weave,4,nested,512,5,1536,57344,16736977888271209984
allocations,weave,4,nested,512,6,1536,57344,16736977888271209984
allocations,weave,4,nested,512,7,1536,57344,16736977888271209984
allocations,weave,4,nested,512,8,1536,57344,16736977888271209984
allocations,rayon,4,nested,512,0,0,0,16736977888271209984
allocations,rayon,4,nested,512,1,0,0,16736977888271209984
allocations,rayon,4,nested,512,2,0,0,16736977888271209984
allocations,rayon,4,nested,512,3,0,0,16736977888271209984
allocations,rayon,4,nested,512,4,0,0,16736977888271209984
allocations,rayon,4,nested,512,5,0,0,16736977888271209984
allocations,rayon,4,nested,512,6,0,0,16736977888271209984
allocations,rayon,4,nested,512,7,0,0,16736977888271209984
allocations,rayon,4,nested,512,8,0,0,16736977888271209984
allocations,sequential,4,nested,512,0,0,0,16736977888271209984
allocations,sequential,4,nested,512,1,0,0,16736977888271209984
allocations,sequential,4,nested,512,2,0,0,16736977888271209984
allocations,sequential,4,nested,512,3,0,0,16736977888271209984
allocations,sequential,4,nested,512,4,0,0,16736977888271209984
allocations,sequential,4,nested,512,5,0,0,16736977888271209984
allocations,sequential,4,nested,512,6,0,0,16736977888271209984
allocations,sequential,4,nested,512,7,0,0,16736977888271209984
allocations,sequential,4,nested,512,8,0,0,16736977888271209984
allocations,weave,4,map_small,128,0,5,168,11571399232383113408
allocations,weave,4,map_small,128,1,5,168,11571399232383113408
allocations,weave,4,map_small,128,2,5,168,11571399232383113408
allocations,weave,4,map_small,128,3,5,168,11571399232383113408
allocations,weave,4,map_small,128,4,5,168,11571399232383113408
allocations,weave,4,map_small,128,5,5,168,11571399232383113408
allocations,weave,4,map_small,128,6,5,168,11571399232383113408
allocations,weave,4,map_small,128,7,5,168,11571399232383113408
allocations,weave,4,map_small,128,8,5,168,11571399232383113408
allocations,rayon,4,map_small,128,0,0,0,11571399232383113408
allocations,rayon,4,map_small,128,1,0,0,11571399232383113408
allocations,rayon,4,map_small,128,2,1,1520,11571399232383113408
allocations,rayon,4,map_small,128,3,0,0,11571399232383113408
allocations,rayon,4,map_small,128,4,0,0,11571399232383113408
allocations,rayon,4,map_small,128,5,0,0,11571399232383113408
allocations,rayon,4,map_small,128,6,0,0,11571399232383113408
allocations,rayon,4,map_small,128,7,0,0,11571399232383113408
allocations,rayon,4,map_small,128,8,0,0,11571399232383113408
allocations,sequential,4,map_small,128,0,0,0,11571399232383113408
allocations,sequential,4,map_small,128,1,0,0,11571399232383113408
allocations,sequential,4,map_small,128,2,0,0,11571399232383113408
allocations,sequential,4,map_small,128,3,0,0,11571399232383113408
allocations,sequential,4,map_small,128,4,0,0,11571399232383113408
allocations,sequential,4,map_small,128,5,0,0,11571399232383113408
allocations,sequential,4,map_small,128,6,0,0,11571399232383113408
allocations,sequential,4,map_small,128,7,0,0,11571399232383113408
allocations,sequential,4,map_small,128,8,0,0,11571399232383113408
allocations,weave,4,map_light,1048576,0,6146,311312,4905056719200583680
allocations,weave,4,map_light,1048576,1,6146,311312,4905056719200583680
allocations,weave,4,map_light,1048576,2,6146,311312,4905056719200583680
allocations,weave,4,map_light,1048576,3,6146,311312,4905056719200583680
allocations,weave,4,map_light,1048576,4,6146,311312,4905056719200583680
allocations,weave,4,map_light,1048576,5,6146,311312,4905056719200583680
allocations,weave,4,map_light,1048576,6,6146,311312,4905056719200583680
allocations,weave,4,map_light,1048576,7,6146,311312,4905056719200583680
allocations,weave,4,map_light,1048576,8,6146,311312,4905056719200583680
allocations,rayon,4,map_light,1048576,0,0,0,4905056719200583680
allocations,rayon,4,map_light,1048576,1,0,0,4905056719200583680
allocations,rayon,4,map_light,1048576,2,0,0,4905056719200583680
allocations,rayon,4,map_light,1048576,3,0,0,4905056719200583680
allocations,rayon,4,map_light,1048576,4,0,0,4905056719200583680
allocations,rayon,4,map_light,1048576,5,0,0,4905056719200583680
allocations,rayon,4,map_light,1048576,6,0,0,4905056719200583680
allocations,rayon,4,map_light,1048576,7,0,0,4905056719200583680
allocations,rayon,4,map_light,1048576,8,0,0,4905056719200583680
allocations,sequential,4,map_light,1048576,0,0,0,4905056719200583680
allocations,sequential,4,map_light,1048576,1,0,0,4905056719200583680
allocations,sequential,4,map_light,1048576,2,0,0,4905056719200583680
allocations,sequential,4,map_light,1048576,3,0,0,4905056719200583680
allocations,sequential,4,map_light,1048576,4,0,0,4905056719200583680
allocations,sequential,4,map_light,1048576,5,0,0,4905056719200583680
allocations,sequential,4,map_light,1048576,6,0,0,4905056719200583680
allocations,sequential,4,map_light,1048576,7,0,0,4905056719200583680
allocations,sequential,4,map_light,1048576,8,0,0,4905056719200583680
allocations,weave,4,map_medium,262144,0,1538,77840,14293429678414833725
allocations,weave,4,map_medium,262144,1,1538,77840,14293429678414833725
allocations,weave,4,map_medium,262144,2,1538,77840,14293429678414833725
allocations,weave,4,map_medium,262144,3,1538,77840,14293429678414833725
allocations,weave,4,map_medium,262144,4,1538,77840,14293429678414833725
allocations,weave,4,map_medium,262144,5,1538,77840,14293429678414833725
allocations,weave,4,map_medium,262144,6,1538,77840,14293429678414833725
allocations,weave,4,map_medium,262144,7,1538,77840,14293429678414833725
allocations,weave,4,map_medium,262144,8,1538,77840,14293429678414833725
allocations,rayon,4,map_medium,262144,0,0,0,14293429678414833725
allocations,rayon,4,map_medium,262144,1,0,0,14293429678414833725
allocations,rayon,4,map_medium,262144,2,0,0,14293429678414833725
allocations,rayon,4,map_medium,262144,3,0,0,14293429678414833725
allocations,rayon,4,map_medium,262144,4,0,0,14293429678414833725
allocations,rayon,4,map_medium,262144,5,0,0,14293429678414833725
allocations,rayon,4,map_medium,262144,6,0,0,14293429678414833725
allocations,rayon,4,map_medium,262144,7,0,0,14293429678414833725
allocations,rayon,4,map_medium,262144,8,0,0,14293429678414833725
allocations,sequential,4,map_medium,262144,0,0,0,14293429678414833725
allocations,sequential,4,map_medium,262144,1,0,0,14293429678414833725
allocations,sequential,4,map_medium,262144,2,0,0,14293429678414833725
allocations,sequential,4,map_medium,262144,3,0,0,14293429678414833725
allocations,sequential,4,map_medium,262144,4,0,0,14293429678414833725
allocations,sequential,4,map_medium,262144,5,0,0,14293429678414833725
allocations,sequential,4,map_medium,262144,6,0,0,14293429678414833725
allocations,sequential,4,map_medium,262144,7,0,0,14293429678414833725
allocations,sequential,4,map_medium,262144,8,0,0,14293429678414833725
allocations,weave,4,map_heavy,16384,0,98,4880,3845850160839127178
allocations,weave,4,map_heavy,16384,1,98,4880,3845850160839127178
allocations,weave,4,map_heavy,16384,2,98,4880,3845850160839127178
allocations,weave,4,map_heavy,16384,3,98,4880,3845850160839127178
allocations,weave,4,map_heavy,16384,4,98,4880,3845850160839127178
allocations,weave,4,map_heavy,16384,5,98,4880,3845850160839127178
allocations,weave,4,map_heavy,16384,6,98,4880,3845850160839127178
allocations,weave,4,map_heavy,16384,7,98,4880,3845850160839127178
allocations,weave,4,map_heavy,16384,8,98,4880,3845850160839127178
allocations,rayon,4,map_heavy,16384,0,0,0,3845850160839127178
allocations,rayon,4,map_heavy,16384,1,0,0,3845850160839127178
allocations,rayon,4,map_heavy,16384,2,0,0,3845850160839127178
allocations,rayon,4,map_heavy,16384,3,0,0,3845850160839127178
allocations,rayon,4,map_heavy,16384,4,0,0,3845850160839127178
allocations,rayon,4,map_heavy,16384,5,0,0,3845850160839127178
allocations,rayon,4,map_heavy,16384,6,0,0,3845850160839127178
allocations,rayon,4,map_heavy,16384,7,0,0,3845850160839127178
allocations,rayon,4,map_heavy,16384,8,0,0,3845850160839127178
allocations,sequential,4,map_heavy,16384,0,0,0,3845850160839127178
allocations,sequential,4,map_heavy,16384,1,0,0,3845850160839127178
allocations,sequential,4,map_heavy,16384,2,0,0,3845850160839127178
allocations,sequential,4,map_heavy,16384,3,0,0,3845850160839127178
allocations,sequential,4,map_heavy,16384,4,0,0,3845850160839127178
allocations,sequential,4,map_heavy,16384,5,0,0,3845850160839127178
allocations,sequential,4,map_heavy,16384,6,0,0,3845850160839127178
allocations,sequential,4,map_heavy,16384,7,0,0,3845850160839127178
allocations,sequential,4,map_heavy,16384,8,0,0,3845850160839127178
allocations,weave,4,filter_reduce,262144,0,1538,77840,8856371406656628296
allocations,weave,4,filter_reduce,262144,1,1538,77840,8856371406656628296
allocations,weave,4,filter_reduce,262144,2,1538,77840,8856371406656628296
allocations,weave,4,filter_reduce,262144,3,1538,77840,8856371406656628296
allocations,weave,4,filter_reduce,262144,4,1538,77840,8856371406656628296
allocations,weave,4,filter_reduce,262144,5,1538,77840,8856371406656628296
allocations,weave,4,filter_reduce,262144,6,1538,77840,8856371406656628296
allocations,weave,4,filter_reduce,262144,7,1538,77840,8856371406656628296
allocations,weave,4,filter_reduce,262144,8,1538,77840,8856371406656628296
allocations,rayon,4,filter_reduce,262144,0,0,0,8856371406656628296
allocations,rayon,4,filter_reduce,262144,1,0,0,8856371406656628296
allocations,rayon,4,filter_reduce,262144,2,0,0,8856371406656628296
allocations,rayon,4,filter_reduce,262144,3,0,0,8856371406656628296
allocations,rayon,4,filter_reduce,262144,4,0,0,8856371406656628296
allocations,rayon,4,filter_reduce,262144,5,0,0,8856371406656628296
allocations,rayon,4,filter_reduce,262144,6,0,0,8856371406656628296
allocations,rayon,4,filter_reduce,262144,7,0,0,8856371406656628296
allocations,rayon,4,filter_reduce,262144,8,0,0,8856371406656628296
allocations,sequential,4,filter_reduce,262144,0,0,0,8856371406656628296
allocations,sequential,4,filter_reduce,262144,1,0,0,8856371406656628296
allocations,sequential,4,filter_reduce,262144,2,0,0,8856371406656628296
allocations,sequential,4,filter_reduce,262144,3,0,0,8856371406656628296
allocations,sequential,4,filter_reduce,262144,4,0,0,8856371406656628296
allocations,sequential,4,filter_reduce,262144,5,0,0,8856371406656628296
allocations,sequential,4,filter_reduce,262144,6,0,0,8856371406656628296
allocations,sequential,4,filter_reduce,262144,7,0,0,8856371406656628296
allocations,sequential,4,filter_reduce,262144,8,0,0,8856371406656628296
allocations,weave,4,collect,65536,0,1536,4732904,6742075387644313600
allocations,weave,4,collect,65536,1,1536,4732904,6742075387644313600
allocations,weave,4,collect,65536,2,1536,4732904,6742075387644313600
allocations,weave,4,collect,65536,3,1536,4732904,6742075387644313600
allocations,weave,4,collect,65536,4,1536,4732904,6742075387644313600
allocations,weave,4,collect,65536,5,1536,4732904,6742075387644313600
allocations,weave,4,collect,65536,6,1536,4732904,6742075387644313600
allocations,weave,4,collect,65536,7,1536,4732904,6742075387644313600
allocations,weave,4,collect,65536,8,1536,4732904,6742075387644313600
allocations,rayon,4,collect,65536,0,1,524288,6742075387644313600
allocations,rayon,4,collect,65536,1,1,524288,6742075387644313600
allocations,rayon,4,collect,65536,2,1,524288,6742075387644313600
allocations,rayon,4,collect,65536,3,1,524288,6742075387644313600
allocations,rayon,4,collect,65536,4,1,524288,6742075387644313600
allocations,rayon,4,collect,65536,5,1,524288,6742075387644313600
allocations,rayon,4,collect,65536,6,1,524288,6742075387644313600
allocations,rayon,4,collect,65536,7,1,524288,6742075387644313600
allocations,rayon,4,collect,65536,8,1,524288,6742075387644313600
allocations,sequential,4,collect,65536,0,1,524288,6742075387644313600
allocations,sequential,4,collect,65536,1,1,524288,6742075387644313600
allocations,sequential,4,collect,65536,2,1,524288,6742075387644313600
allocations,sequential,4,collect,65536,3,1,524288,6742075387644313600
allocations,sequential,4,collect,65536,4,1,524288,6742075387644313600
allocations,sequential,4,collect,65536,5,1,524288,6742075387644313600
allocations,sequential,4,collect,65536,6,1,524288,6742075387644313600
allocations,sequential,4,collect,65536,7,1,524288,6742075387644313600
allocations,sequential,4,collect,65536,8,1,524288,6742075387644313600
allocations,weave,4,memory_cache,32768,0,193,9224,536854528
allocations,weave,4,memory_cache,32768,1,193,9224,536854528
allocations,weave,4,memory_cache,32768,2,193,9224,536854528
allocations,weave,4,memory_cache,32768,3,193,9224,536854528
allocations,weave,4,memory_cache,32768,4,193,9224,536854528
allocations,weave,4,memory_cache,32768,5,193,9224,536854528
allocations,weave,4,memory_cache,32768,6,193,9224,536854528
allocations,weave,4,memory_cache,32768,7,193,9224,536854528
allocations,weave,4,memory_cache,32768,8,193,9224,536854528
allocations,rayon,4,memory_cache,32768,0,0,0,536854528
allocations,rayon,4,memory_cache,32768,1,0,0,536854528
allocations,rayon,4,memory_cache,32768,2,0,0,536854528
allocations,rayon,4,memory_cache,32768,3,0,0,536854528
allocations,rayon,4,memory_cache,32768,4,0,0,536854528
allocations,rayon,4,memory_cache,32768,5,0,0,536854528
allocations,rayon,4,memory_cache,32768,6,0,0,536854528
allocations,rayon,4,memory_cache,32768,7,0,0,536854528
allocations,rayon,4,memory_cache,32768,8,0,0,536854528
allocations,sequential,4,memory_cache,32768,0,0,0,536854528
allocations,sequential,4,memory_cache,32768,1,0,0,536854528
allocations,sequential,4,memory_cache,32768,2,0,0,536854528
allocations,sequential,4,memory_cache,32768,3,0,0,536854528
allocations,sequential,4,memory_cache,32768,4,0,0,536854528
allocations,sequential,4,memory_cache,32768,5,0,0,536854528
allocations,sequential,4,memory_cache,32768,6,0,0,536854528
allocations,sequential,4,memory_cache,32768,7,0,0,536854528
allocations,sequential,4,memory_cache,32768,8,0,0,536854528
allocations,weave,4,memory_contiguous,4194304,0,24577,1179656,8796090925056
allocations,weave,4,memory_contiguous,4194304,1,24577,1179656,8796090925056
allocations,weave,4,memory_contiguous,4194304,2,24577,1179656,8796090925056
allocations,weave,4,memory_contiguous,4194304,3,24577,1179656,8796090925056
allocations,weave,4,memory_contiguous,4194304,4,24577,1179656,8796090925056
allocations,weave,4,memory_contiguous,4194304,5,24577,1179656,8796090925056
allocations,weave,4,memory_contiguous,4194304,6,24577,1179656,8796090925056
allocations,weave,4,memory_contiguous,4194304,7,24577,1179656,8796090925056
allocations,weave,4,memory_contiguous,4194304,8,24577,1179656,8796090925056
allocations,rayon,4,memory_contiguous,4194304,0,0,0,8796090925056
allocations,rayon,4,memory_contiguous,4194304,1,0,0,8796090925056
allocations,rayon,4,memory_contiguous,4194304,2,0,0,8796090925056
allocations,rayon,4,memory_contiguous,4194304,3,0,0,8796090925056
allocations,rayon,4,memory_contiguous,4194304,4,0,0,8796090925056
allocations,rayon,4,memory_contiguous,4194304,5,0,0,8796090925056
allocations,rayon,4,memory_contiguous,4194304,6,0,0,8796090925056
allocations,rayon,4,memory_contiguous,4194304,7,0,0,8796090925056
allocations,rayon,4,memory_contiguous,4194304,8,0,0,8796090925056
allocations,sequential,4,memory_contiguous,4194304,0,0,0,8796090925056
allocations,sequential,4,memory_contiguous,4194304,1,0,0,8796090925056
allocations,sequential,4,memory_contiguous,4194304,2,0,0,8796090925056
allocations,sequential,4,memory_contiguous,4194304,3,0,0,8796090925056
allocations,sequential,4,memory_contiguous,4194304,4,0,0,8796090925056
allocations,sequential,4,memory_contiguous,4194304,5,0,0,8796090925056
allocations,sequential,4,memory_contiguous,4194304,6,0,0,8796090925056
allocations,sequential,4,memory_contiguous,4194304,7,0,0,8796090925056
allocations,sequential,4,memory_contiguous,4194304,8,0,0,8796090925056
allocations,weave,4,memory_scattered,4194304,0,24577,1179656,8796090925056
allocations,weave,4,memory_scattered,4194304,1,24577,1179656,8796090925056
allocations,weave,4,memory_scattered,4194304,2,24577,1179656,8796090925056
allocations,weave,4,memory_scattered,4194304,3,24577,1179656,8796090925056
allocations,weave,4,memory_scattered,4194304,4,24577,1179656,8796090925056
allocations,weave,4,memory_scattered,4194304,5,24577,1179656,8796090925056
allocations,weave,4,memory_scattered,4194304,6,24577,1179656,8796090925056
allocations,weave,4,memory_scattered,4194304,7,24577,1179656,8796090925056
allocations,weave,4,memory_scattered,4194304,8,24577,1179656,8796090925056
allocations,rayon,4,memory_scattered,4194304,0,0,0,8796090925056
allocations,rayon,4,memory_scattered,4194304,1,0,0,8796090925056
allocations,rayon,4,memory_scattered,4194304,2,0,0,8796090925056
allocations,rayon,4,memory_scattered,4194304,3,0,0,8796090925056
allocations,rayon,4,memory_scattered,4194304,4,0,0,8796090925056
allocations,rayon,4,memory_scattered,4194304,5,0,0,8796090925056
allocations,rayon,4,memory_scattered,4194304,6,0,0,8796090925056
allocations,rayon,4,memory_scattered,4194304,7,0,0,8796090925056
allocations,rayon,4,memory_scattered,4194304,8,0,0,8796090925056
allocations,sequential,4,memory_scattered,4194304,0,0,0,8796090925056
allocations,sequential,4,memory_scattered,4194304,1,0,0,8796090925056
allocations,sequential,4,memory_scattered,4194304,2,0,0,8796090925056
allocations,sequential,4,memory_scattered,4194304,3,0,0,8796090925056
allocations,sequential,4,memory_scattered,4194304,4,0,0,8796090925056
allocations,sequential,4,memory_scattered,4194304,5,0,0,8796090925056
allocations,sequential,4,memory_scattered,4194304,6,0,0,8796090925056
allocations,sequential,4,memory_scattered,4194304,7,0,0,8796090925056
allocations,sequential,4,memory_scattered,4194304,8,0,0,8796090925056
