mode,engine,workers,scenario,n,sample,lock_attempts,contended,wait_ns,checksum
contention,weave,2,spawn_empty,256,0,768,100,148549,32640
contention,weave,2,spawn_empty,256,1,768,253,525903,32640
contention,weave,2,spawn_empty,256,2,768,214,149730,32640
contention,weave,2,spawn_empty,256,3,768,197,103022,32640
contention,weave,2,spawn_empty,256,4,767,147,317196,32640
contention,weave,2,spawn_empty,256,5,769,342,53615,32640
contention,weave,2,spawn_empty,256,6,768,239,334770,32640
contention,weave,2,spawn_empty,256,7,768,130,87594,32640
contention,weave,2,spawn_empty,256,8,768,229,1054336,32640
contention,weave,2,submit_small,256,0,769,204,362650,7957793737331801398
contention,weave,2,submit_small,256,1,768,227,111752,7957793737331801398
contention,weave,2,submit_small,256,2,768,274,125466,7957793737331801398
contention,weave,2,submit_small,256,3,768,163,176452,7957793737331801398
contention,weave,2,submit_small,256,4,768,255,434784,7957793737331801398
contention,weave,2,submit_small,256,5,768,111,109062,7957793737331801398
contention,weave,2,submit_small,256,6,768,188,261995,7957793737331801398
contention,weave,2,submit_small,256,7,767,181,123361,7957793737331801398
contention,weave,2,submit_small,256,8,768,245,101043,7957793737331801398
contention,weave,2,scope,256,0,768,77,97823,7957793737331801398
contention,weave,2,scope,256,1,767,55,52473,7957793737331801398
contention,weave,2,scope,256,2,768,173,75393,7957793737331801398
contention,weave,2,scope,256,3,768,195,20895,7957793737331801398
contention,weave,2,scope,256,4,768,114,398654,7957793737331801398
contention,weave,2,scope,256,5,768,170,58925,7957793737331801398
contention,weave,2,scope,256,6,767,216,149459,7957793737331801398
contention,weave,2,scope,256,7,769,266,271224,7957793737331801398
contention,weave,2,scope,256,8,768,334,57593,7957793737331801398
contention,weave,2,external_producers,1024,0,3072,725,3364787,12571499402593664604
contention,weave,2,external_producers,1024,1,3072,507,241505,12571499402593664604
contention,weave,2,external_producers,1024,2,3070,665,1392937,12571499402593664604
contention,weave,2,external_producers,1024,3,3074,613,1203822,12571499402593664604
contention,weave,2,external_producers,1024,4,3072,393,932747,12571499402593664604
contention,weave,2,external_producers,1024,5,3072,231,3553250,12571499402593664604
contention,weave,2,external_producers,1024,6,3072,156,3801733,12571499402593664604
contention,weave,2,external_producers,1024,7,3072,478,1505735,12571499402593664604
contention,weave,2,external_producers,1024,8,3072,463,1511599,12571499402593664604
contention,weave,2,heterogeneous,1024,0,3073,265,1345922,11528553258842781276
contention,weave,2,heterogeneous,1024,1,3072,245,1291409,11528553258842781276
contention,weave,2,heterogeneous,1024,2,3072,277,380705,11528553258842781276
contention,weave,2,heterogeneous,1024,3,3072,353,311392,11528553258842781276
contention,weave,2,heterogeneous,1024,4,3072,217,421790,11528553258842781276
contention,weave,2,heterogeneous,1024,5,3072,467,553353,11528553258842781276
contention,weave,2,heterogeneous,1024,6,3071,383,903513,11528553258842781276
contention,weave,2,heterogeneous,1024,7,3072,448,1058262,11528553258842781276
contention,weave,2,heterogeneous,1024,8,3072,441,1186056,11528553258842781276
contention,weave,2,priority_labels,1024,0,3072,690,481678,12571499402593664604
contention,weave,2,priority_labels,1024,1,3070,424,1120385,12571499402593664604
contention,weave,2,priority_labels,1024,2,3072,840,357099,12571499402593664604
contention,weave,2,priority_labels,1024,3,3072,76,1691584,12571499402593664604
contention,weave,2,priority_labels,1024,4,3072,369,989269,12571499402593664604
contention,weave,2,priority_labels,1024,5,3071,610,1098972,12571499402593664604
contention,weave,2,priority_labels,1024,6,3072,147,602898,12571499402593664604
contention,weave,2,priority_labels,1024,7,3072,862,609778,12571499402593664604
contention,weave,2,priority_labels,1024,8,3071,128,242100,12571499402593664604
contention,weave,2,join,128,0,388,223,75056,8795930490495190400
contention,weave,2,join,128,1,386,212,21216,8795930490495190400
contention,weave,2,join,128,2,389,177,17936,8795930490495190400
contention,weave,2,join,128,3,388,193,19020,8795930490495190400
contention,weave,2,join,128,4,389,179,18582,8795930490495190400
contention,weave,2,join,128,5,387,200,19575,8795930490495190400
contention,weave,2,join,128,6,384,1,70,8795930490495190400
contention,weave,2,join,128,7,386,164,17210,8795930490495190400
contention,weave,2,join,128,8,383,0,0,8795930490495190400
contention,weave,2,nested,512,0,1541,1003,111569,16736977888271209984
contention,weave,2,nested,512,1,1539,795,76610,16736977888271209984
contention,weave,2,nested,512,2,1538,947,90535,16736977888271209984
contention,weave,2,nested,512,3,1538,945,89313,16736977888271209984
contention,weave,2,nested,512,4,1539,973,92385,16736977888271209984
contention,weave,2,nested,512,5,1536,542,242336,16736977888271209984
contention,weave,2,nested,512,6,1537,962,87544,16736977888271209984
contention,weave,2,nested,512,7,1539,664,65391,16736977888271209984
contention,weave,2,nested,512,8,1541,999,102663,16736977888271209984
contention,weave,2,map_small,128,0,3,1,223353,11571399232383113408
contention,weave,2,map_small,128,1,3,0,0,11571399232383113408
contention,weave,2,map_small,128,2,2,0,0,11571399232383113408
contention,weave,2,map_small,128,3,2,0,0,11571399232383113408
contention,weave,2,map_small,128,4,3,0,0,11571399232383113408
contention,weave,2,map_small,128,5,3,0,0,11571399232383113408
contention,weave,2,map_small,128,6,3,0,0,11571399232383113408
contention,weave,2,map_small,128,7,3,0,0,11571399232383113408
contention,weave,2,map_small,128,8,2,0,0,11571399232383113408
contention,weave,2,map_light,1048576,0,6148,744,1026046,4905056719200583680
contention,weave,2,map_light,1048576,1,6149,1335,170261,4905056719200583680
contention,weave,2,map_light,1048576,2,6148,1285,127370,4905056719200583680
contention,weave,2,map_light,1048576,3,6148,1299,119828,4905056719200583680
contention,weave,2,map_light,1048576,4,6144,985,431492,4905056719200583680
contention,weave,2,map_light,1048576,5,6147,1178,115656,4905056719200583680
contention,weave,2,map_light,1048576,6,6144,1212,126157,4905056719200583680
contention,weave,2,map_light,1048576,7,6145,1038,115931,4905056719200583680
contention,weave,2,map_light,1048576,8,6145,767,596272,4905056719200583680
contention,weave,2,map_medium,262144,0,1538,3,29826,14293429678414833725
contention,weave,2,map_medium,262144,1,1536,17,1671,14293429678414833725
contention,weave,2,map_medium,262144,2,1535,14,1062,14293429678414833725
contention,weave,2,map_medium,262144,3,1539,28,243232,14293429678414833725
contention,weave,2,map_medium,262144,4,1536,12,1103,14293429678414833725
contention,weave,2,map_medium,262144,5,1542,11,961,14293429678414833725
contention,weave,2,map_medium,262144,6,1537,50,3596,14293429678414833725
contention,weave,2,map_medium,262144,7,1537,20,1653,14293429678414833725
contention,weave,2,map_medium,262144,8,1542,27,3217,14293429678414833725
contention,weave,2,map_heavy,16384,0,97,18,3797,3845850160839127178
contention,weave,2,map_heavy,16384,1,96,0,0,3845850160839127178
contention,weave,2,map_heavy,16384,2,96,0,0,3845850160839127178
contention,weave,2,map_heavy,16384,3,98,0,0,3845850160839127178
contention,weave,2,map_heavy,16384,4,97,1,50341,3845850160839127178
contention,weave,2,map_heavy,16384,5,98,0,0,3845850160839127178
contention,weave,2,map_heavy,16384,6,96,0,0,3845850160839127178
contention,weave,2,map_heavy,16384,7,96,0,0,3845850160839127178
contention,weave,2,map_heavy,16384,8,96,0,0,3845850160839127178
contention,weave,2,filter_reduce,262144,0,1540,278,127880,8856371406656628296
contention,weave,2,filter_reduce,262144,1,1538,424,134500,8856371406656628296
contention,weave,2,filter_reduce,262144,2,1539,406,117974,8856371406656628296
contention,weave,2,filter_reduce,262144,3,1541,165,733346,8856371406656628296
contention,weave,2,filter_reduce,262144,4,1542,478,44577,8856371406656628296
contention,weave,2,filter_reduce,262144,5,1535,259,22705,8856371406656628296
contention,weave,2,filter_reduce,262144,6,1540,417,117489,8856371406656628296
contention,weave,2,filter_reduce,262144,7,1535,275,194192,8856371406656628296
contention,weave,2,filter_reduce,262144,8,1536,432,39464,8856371406656628296
contention,weave,2,collect,65536,0,385,14,1983,6742075387644313600
contention,weave,2,collect,65536,1,385,13,1393,6742075387644313600
contention,weave,2,collect,65536,2,384,11,1174,6742075387644313600
contention,weave,2,collect,65536,3,385,14,812,6742075387644313600
contention,weave,2,collect,65536,4,385,8,1321,6742075387644313600
contention,weave,2,collect,65536,5,386,11,1001,6742075387644313600
contention,weave,2,collect,65536,6,385,13,1571,6742075387644313600
contention,weave,2,collect,65536,7,387,6,702,6742075387644313600
contention,weave,2,collect,65536,8,385,8,973,6742075387644313600
contention,weave,2,memory_cache,32768,0,197,36,37171,536854528
contention,weave,2,memory_cache,32768,1,194,40,4192,536854528
contention,weave,2,memory_cache,32768,2,196,45,4510,536854528
contention,weave,2,memory_cache,32768,3,193,19,9298,536854528
contention,weave,2,memory_cache,32768,4,196,44,4751,536854528
contention,weave,2,memory_cache,32768,5,193,26,1972,536854528
contention,weave,2,memory_cache,32768,6,191,0,0,536854528
contention,weave,2,memory_cache,32768,7,191,11,1511,536854528
contention,weave,2,memory_cache,32768,8,195,44,4286,536854528
contention,weave,2,memory_contiguous,4194304,0,24580,5978,821011,8796090925056
contention,weave,2,memory_contiguous,4194304,1,24578,6182,677787,8796090925056
contention,weave,2,memory_contiguous,4194304,2,24581,5095,972964,8796090925056
contention,weave,2,memory_contiguous,4194304,3,24577,5121,1496941,8796090925056
contention,weave,2,memory_contiguous,4194304,4,24578,6001,674415,8796090925056
contention,weave,2,memory_contiguous,4194304,5,24580,5431,693441,8796090925056
contention,weave,2,memory_contiguous,4194304,6,24578,5351,1842376,8796090925056
contention,weave,2,memory_contiguous,4194304,7,24580,5971,544418,8796090925056
contention,weave,2,memory_contiguous,4194304,8,24581,5630,1579078,8796090925056
contention,weave,2,memory_scattered,4194304,0,24584,1692,574976,8796090925056
contention,weave,2,memory_scattered,4194304,1,24583,1560,599049,8796090925056
contention,weave,2,memory_scattered,4194304,2,24583,1671,386052,8796090925056
contention,weave,2,memory_scattered,4194304,3,24580,1718,682763,8796090925056
contention,weave,2,memory_scattered,4194304,4,24578,1562,422524,8796090925056
contention,weave,2,memory_scattered,4194304,5,24585,1693,457068,8796090925056
contention,weave,2,memory_scattered,4194304,6,24582,1544,1094176,8796090925056
contention,weave,2,memory_scattered,4194304,7,24589,1536,634563,8796090925056
contention,weave,2,memory_scattered,4194304,8,24580,1815,242352,8796090925056
