mode,engine,workers,scenario,n,sample,elapsed_ns,checksum
time,weave,1,pool_lifecycle,0,0,160324,0
time,weave,1,pool_lifecycle,0,1,226901,0
time,weave,1,pool_lifecycle,0,2,127602,0
time,weave,1,pool_lifecycle,0,3,127512,0
time,weave,1,pool_lifecycle,0,4,128093,0
time,weave,1,pool_lifecycle,0,5,124586,0
time,weave,1,pool_lifecycle,0,6,112383,0
time,weave,1,pool_lifecycle,0,7,264631,0
time,weave,1,pool_lifecycle,0,8,120599,0
time,rayon,1,pool_lifecycle,0,0,61417,0
time,rayon,1,pool_lifecycle,0,1,43603,0
time,rayon,1,pool_lifecycle,0,2,49774,0
time,rayon,1,pool_lifecycle,0,3,60825,0
time,rayon,1,pool_lifecycle,0,4,43543,0
time,rayon,1,pool_lifecycle,0,5,48702,0
time,rayon,1,pool_lifecycle,0,6,52500,0
time,rayon,1,pool_lifecycle,0,7,49754,0
time,rayon,1,pool_lifecycle,0,8,68940,0
time,weave,1,spawn_empty,256,0,314247,32640
time,weave,1,spawn_empty,256,1,77907,32640
time,weave,1,spawn_empty,256,2,106331,32640
time,weave,1,spawn_empty,256,3,104969,32640
time,weave,1,spawn_empty,256,4,145326,32640
time,weave,1,spawn_empty,256,5,134425,32640
time,weave,1,spawn_empty,256,6,316961,32640
time,weave,1,spawn_empty,256,7,128073,32640
time,weave,1,spawn_empty,256,8,198266,32640
time,rayon,1,spawn_empty,256,0,69652,32640
time,rayon,1,spawn_empty,256,1,67247,32640
time,rayon,1,spawn_empty,256,2,65795,32640
time,rayon,1,spawn_empty,256,3,71817,32640
time,rayon,1,spawn_empty,256,4,75243,32640
time,rayon,1,spawn_empty,256,5,75463,32640
time,rayon,1,spawn_empty,256,6,66886,32640
time,rayon,1,spawn_empty,256,7,65575,32640
time,rayon,1,spawn_empty,256,8,73425,32640
time,sequential,1,spawn_empty,256,0,1203,32640
time,sequential,1,spawn_empty,256,1,1142,32640
time,sequential,1,spawn_empty,256,2,1293,32640
time,sequential,1,spawn_empty,256,3,1153,32640
time,sequential,1,spawn_empty,256,4,1143,32640
time,sequential,1,spawn_empty,256,5,1152,32640
time,sequential,1,spawn_empty,256,6,1142,32640
time,sequential,1,spawn_empty,256,7,1152,32640
time,sequential,1,spawn_empty,256,8,1152,32640
time,weave,1,submit_small,256,0,1155311,7957793737331801398
time,weave,1,submit_small,256,1,1161983,7957793737331801398
time,weave,1,submit_small,256,2,1169648,7957793737331801398
time,weave,1,submit_small,256,3,1187512,7957793737331801398
time,weave,1,submit_small,256,4,1232497,7957793737331801398
time,weave,1,submit_small,256,5,1165500,7957793737331801398
time,weave,1,submit_small,256,6,1159489,7957793737331801398
time,weave,1,submit_small,256,7,1169628,7957793737331801398
time,weave,1,submit_small,256,8,1165871,7957793737331801398
time,rayon,1,submit_small,256,0,72839,7957793737331801398
time,rayon,1,submit_small,256,1,76616,7957793737331801398
time,rayon,1,submit_small,256,2,139584,7957793737331801398
time,rayon,1,submit_small,256,3,72006,7957793737331801398
time,rayon,1,submit_small,256,4,78700,7957793737331801398
time,rayon,1,submit_small,256,5,76205,7957793737331801398
time,rayon,1,submit_small,256,6,89009,7957793737331801398
time,rayon,1,submit_small,256,7,76025,7957793737331801398
time,rayon,1,submit_small,256,8,72467,7957793737331801398
time,sequential,1,submit_small,256,0,4068,7957793737331801398
time,sequential,1,submit_small,256,1,4278,7957793737331801398
time,sequential,1,submit_small,256,2,4047,7957793737331801398
time,sequential,1,submit_small,256,3,4017,7957793737331801398
time,sequential,1,submit_small,256,4,4278,7957793737331801398
time,sequential,1,submit_small,256,5,4048,7957793737331801398
time,sequential,1,submit_small,256,6,4268,7957793737331801398
time,sequential,1,submit_small,256,7,4047,7957793737331801398
time,sequential,1,submit_small,256,8,4027,7957793737331801398
time,weave,1,scope,256,0,120368,7957793737331801398
time,weave,1,scope,256,1,94579,7957793737331801398
time,weave,1,scope,256,2,159663,7957793737331801398
time,weave,1,scope,256,3,105730,7957793737331801398
time,weave,1,scope,256,4,96483,7957793737331801398
time,weave,1,scope,256,5,95911,7957793737331801398
time,weave,1,scope,256,6,94670,7957793737331801398
time,weave,1,scope,256,7,94810,7957793737331801398
time,weave,1,scope,256,8,97625,7957793737331801398
time,rayon,1,scope,256,0,77577,7957793737331801398
time,rayon,1,scope,256,1,78549,7957793737331801398
time,rayon,1,scope,256,2,72949,7957793737331801398
time,rayon,1,scope,256,3,91584,7957793737331801398
time,rayon,1,scope,256,4,75232,7957793737331801398
time,rayon,1,scope,256,5,73479,7957793737331801398
time,rayon,1,scope,256,6,73540,7957793737331801398
time,rayon,1,scope,256,7,77392,7957793737331801398
time,rayon,1,scope,256,8,72852,7957793737331801398
time,sequential,1,scope,256,0,4068,7957793737331801398
time,sequential,1,scope,256,1,4278,7957793737331801398
time,sequential,1,scope,256,2,4057,7957793737331801398
time,sequential,1,scope,256,3,4028,7957793737331801398
time,sequential,1,scope,256,4,4278,7957793737331801398
time,sequential,1,scope,256,5,4047,7957793737331801398
time,sequential,1,scope,256,6,4028,7957793737331801398
time,sequential,1,scope,256,7,4027,7957793737331801398
time,sequential,1,scope,256,8,4279,7957793737331801398
time,weave,1,external_producers,1024,0,1058752,12571499402593664604
time,weave,1,external_producers,1024,1,2117104,12571499402593664604
time,weave,1,external_producers,1024,2,688555,12571499402593664604
time,weave,1,external_producers,1024,3,679299,12571499402593664604
time,weave,1,external_producers,1024,4,1299825,12571499402593664604
time,weave,1,external_producers,1024,5,1688873,12571499402593664604
time,weave,1,external_producers,1024,6,1546362,12571499402593664604
time,weave,1,external_producers,1024,7,937778,12571499402593664604
time,weave,1,external_producers,1024,8,1008057,12571499402593664604
time,rayon,1,external_producers,1024,0,260879,12571499402593664604
time,rayon,1,external_producers,1024,1,281894,12571499402593664604
time,rayon,1,external_producers,1024,2,301641,12571499402593664604
time,rayon,1,external_producers,1024,3,274280,12571499402593664604
time,rayon,1,external_producers,1024,4,328733,12571499402593664604
time,rayon,1,external_producers,1024,5,322271,12571499402593664604
time,rayon,1,external_producers,1024,6,322381,12571499402593664604
time,rayon,1,external_producers,1024,7,444072,12571499402593664604
time,rayon,1,external_producers,1024,8,335376,12571499402593664604
time,sequential,1,external_producers,1024,0,16030,12571499402593664604
time,sequential,1,external_producers,1024,1,16211,12571499402593664604
time,sequential,1,external_producers,1024,2,16231,12571499402593664604
time,sequential,1,external_producers,1024,3,16230,12571499402593664604
time,sequential,1,external_producers,1024,4,16221,12571499402593664604
time,sequential,1,external_producers,1024,5,16221,12571499402593664604
time,sequential,1,external_producers,1024,6,16231,12571499402593664604
time,sequential,1,external_producers,1024,7,16241,12571499402593664604
time,sequential,1,external_producers,1024,8,16230,12571499402593664604
time,weave,1,heterogeneous,1024,0,443892,11528553258842781276
time,weave,1,heterogeneous,1024,1,660592,11528553258842781276
time,weave,1,heterogeneous,1024,2,545655,11528553258842781276
time,weave,1,heterogeneous,1024,3,634333,11528553258842781276
time,weave,1,heterogeneous,1024,4,655519,11528553258842781276
time,weave,1,heterogeneous,1024,5,620902,11528553258842781276
time,weave,1,heterogeneous,1024,6,698124,11528553258842781276
time,weave,1,heterogeneous,1024,7,459552,11528553258842781276
time,weave,1,heterogeneous,1024,8,447218,11528553258842781276
time,rayon,1,heterogeneous,1024,0,223318,11528553258842781276
time,rayon,1,heterogeneous,1024,1,213645,11528553258842781276
time,rayon,1,heterogeneous,1024,2,227051,11528553258842781276
time,rayon,1,heterogeneous,1024,3,207383,11528553258842781276
time,rayon,1,heterogeneous,1024,4,214928,11528553258842781276
time,rayon,1,heterogeneous,1024,5,221230,11528553258842781276
time,rayon,1,heterogeneous,1024,6,208561,11528553258842781276
time,rayon,1,heterogeneous,1024,7,215794,11528553258842781276
time,rayon,1,heterogeneous,1024,8,214086,11528553258842781276
time,sequential,1,heterogeneous,1024,0,120038,11528553258842781276
time,sequential,1,heterogeneous,1024,1,178559,11528553258842781276
time,sequential,1,heterogeneous,1024,2,137971,11528553258842781276
time,sequential,1,heterogeneous,1024,3,120128,11528553258842781276
time,sequential,1,heterogeneous,1024,4,110981,11528553258842781276
time,sequential,1,heterogeneous,1024,5,110911,11528553258842781276
time,sequential,1,heterogeneous,1024,6,228363,11528553258842781276
time,sequential,1,heterogeneous,1024,7,111061,11528553258842781276
time,sequential,1,heterogeneous,1024,8,110931,11528553258842781276
time,weave,1,priority_labels,1024,0,957536,12571499402593664604
time,weave,1,priority_labels,1024,1,482365,12571499402593664604
time,weave,1,priority_labels,1024,2,352063,12571499402593664604
time,weave,1,priority_labels,1024,3,852136,12571499402593664604
time,weave,1,priority_labels,1024,4,621839,12571499402593664604
time,weave,1,priority_labels,1024,5,563889,12571499402593664604
time,weave,1,priority_labels,1024,6,371971,12571499402593664604
time,weave,1,priority_labels,1024,7,395159,12571499402593664604
time,weave,1,priority_labels,1024,8,375427,12571499402593664604
time,rayon,1,priority_labels,1024,0,119566,12571499402593664604
time,rayon,1,priority_labels,1024,1,124842,12571499402593664604
time,rayon,1,priority_labels,1024,2,126615,12571499402593664604
time,rayon,1,priority_labels,1024,3,143802,12571499402593664604
time,rayon,1,priority_labels,1024,4,122553,12571499402593664604
time,rayon,1,priority_labels,1024,5,118004,12571499402593664604
time,rayon,1,priority_labels,1024,6,124957,12571499402593664604
time,rayon,1,priority_labels,1024,7,116511,12571499402593664604
time,rayon,1,priority_labels,1024,8,127157,12571499402593664604
time,sequential,1,priority_labels,1024,0,16130,12571499402593664604
time,sequential,1,priority_labels,1024,1,16231,12571499402593664604
time,sequential,1,priority_labels,1024,2,16241,12571499402593664604
time,sequential,1,priority_labels,1024,3,16230,12571499402593664604
time,sequential,1,priority_labels,1024,4,16240,12571499402593664604
time,sequential,1,priority_labels,1024,5,16241,12571499402593664604
time,sequential,1,priority_labels,1024,6,16231,12571499402593664604
time,sequential,1,priority_labels,1024,7,16241,12571499402593664604
time,sequential,1,priority_labels,1024,8,16241,12571499402593664604
time,weave,1,join,128,0,118514,8795930490495190400
time,weave,1,join,128,1,123915,8795930490495190400
time,weave,1,join,128,2,98787,8795930490495190400
time,weave,1,join,128,3,101142,8795930490495190400
time,weave,1,join,128,4,96713,8795930490495190400
time,weave,1,join,128,5,115199,8795930490495190400
time,weave,1,join,128,6,111557,8795930490495190400
time,weave,1,join,128,7,103260,8795930490495190400
time,weave,1,join,128,8,108446,8795930490495190400
time,rayon,1,join,128,0,35287,8795930490495190400
time,rayon,1,join,128,1,65154,8795930490495190400
time,rayon,1,join,128,2,66817,8795930490495190400
time,rayon,1,join,128,3,93998,8795930490495190400
time,rayon,1,join,128,4,65655,8795930490495190400
time,rayon,1,join,128,5,63240,8795930490495190400
time,rayon,1,join,128,6,74190,8795930490495190400
time,rayon,1,join,128,7,65340,8795930490495190400
time,rayon,1,join,128,8,66421,8795930490495190400
time,sequential,1,join,128,0,5761,8795930490495190400
time,sequential,1,join,128,1,5861,8795930490495190400
time,sequential,1,join,128,2,5721,8795930490495190400
time,sequential,1,join,128,3,5851,8795930490495190400
time,sequential,1,join,128,4,5711,8795930490495190400
time,sequential,1,join,128,5,5851,8795930490495190400
time,sequential,1,join,128,6,5711,8795930490495190400
time,sequential,1,join,128,7,5851,8795930490495190400
time,sequential,1,join,128,8,5721,8795930490495190400
time,weave,1,nested,512,0,466505,16736977888271209984
time,weave,1,nested,512,1,483117,16736977888271209984
time,weave,1,nested,512,2,378377,16736977888271209984
time,weave,1,nested,512,3,649612,16736977888271209984
time,weave,1,nested,512,4,1400260,16736977888271209984
time,weave,1,nested,512,5,239028,16736977888271209984
time,weave,1,nested,512,6,240998,16736977888271209984
time,weave,1,nested,512,7,229595,16736977888271209984
time,weave,1,nested,512,8,214567,16736977888271209984
time,rayon,1,nested,512,0,79891,16736977888271209984
time,rayon,1,nested,512,1,77658,16736977888271209984
time,rayon,1,nested,512,2,84931,16736977888271209984
time,rayon,1,nested,512,3,83408,16736977888271209984
time,rayon,1,nested,512,4,85982,16736977888271209984
time,rayon,1,nested,512,5,92265,16736977888271209984
time,rayon,1,nested,512,6,127331,16736977888271209984
time,rayon,1,nested,512,7,83889,16736977888271209984
time,rayon,1,nested,512,8,82306,16736977888271209984
time,sequential,1,nested,512,0,22853,16736977888271209984
time,sequential,1,nested,512,1,22944,16736977888271209984
time,sequential,1,nested,512,2,22944,16736977888271209984
time,sequential,1,nested,512,3,22944,16736977888271209984
time,sequential,1,nested,512,4,22943,16736977888271209984
time,sequential,1,nested,512,5,22943,16736977888271209984
time,sequential,1,nested,512,6,22953,16736977888271209984
time,sequential,1,nested,512,7,22943,16736977888271209984
time,sequential,1,nested,512,8,22943,16736977888271209984
time,weave,1,map_small,128,0,101207,11571399232383113408
time,weave,1,map_small,128,1,54808,11571399232383113408
time,weave,1,map_small,128,2,57229,11571399232383113408
time,weave,1,map_small,128,3,55305,11571399232383113408
time,weave,1,map_small,128,4,60205,11571399232383113408
time,weave,1,map_small,128,5,54674,11571399232383113408
time,weave,1,map_small,128,6,58972,11571399232383113408
time,weave,1,map_small,128,7,66406,11571399232383113408
time,weave,1,map_small,128,8,57119,11571399232383113408
time,rayon,1,map_small,128,0,50927,11571399232383113408
time,rayon,1,map_small,128,1,52519,11571399232383113408
time,rayon,1,map_small,128,2,196342,11571399232383113408
time,rayon,1,map_small,128,3,60745,11571399232383113408
time,rayon,1,map_small,128,4,53211,11571399232383113408
time,rayon,1,map_small,128,5,54944,11571399232383113408
time,rayon,1,map_small,128,6,55386,11571399232383113408
time,rayon,1,map_small,128,7,60805,11571399232383113408
time,rayon,1,map_small,128,8,61727,11571399232383113408
time,sequential,1,map_small,128,0,171,11571399232383113408
time,sequential,1,map_small,128,1,111,11571399232383113408
time,sequential,1,map_small,128,2,90,11571399232383113408
time,sequential,1,map_small,128,3,100,11571399232383113408
time,sequential,1,map_small,128,4,91,11571399232383113408
time,sequential,1,map_small,128,5,100,11571399232383113408
time,sequential,1,map_small,128,6,100,11571399232383113408
time,sequential,1,map_small,128,7,100,11571399232383113408
time,sequential,1,map_small,128,8,90,11571399232383113408
time,weave,1,map_light,1048576,0,1646332,4905056719200583680
time,weave,1,map_light,1048576,1,1636614,4905056719200583680
time,weave,1,map_light,1048576,2,1916629,4905056719200583680
time,weave,1,map_light,1048576,3,3913286,4905056719200583680
time,weave,1,map_light,1048576,4,3387996,4905056719200583680
time,weave,1,map_light,1048576,5,2616792,4905056719200583680
time,weave,1,map_light,1048576,6,1639874,4905056719200583680
time,weave,1,map_light,1048576,7,1671565,4905056719200583680
time,weave,1,map_light,1048576,8,1651030,4905056719200583680
time,rayon,1,map_light,1048576,0,1078570,4905056719200583680
time,rayon,1,map_light,1048576,1,1003092,4905056719200583680
time,rayon,1,map_light,1048576,2,1362102,4905056719200583680
time,rayon,1,map_light,1048576,3,1496383,4905056719200583680
time,rayon,1,map_light,1048576,4,1495590,4905056719200583680
time,rayon,1,map_light,1048576,5,1301167,4905056719200583680
time,rayon,1,map_light,1048576,6,1556121,4905056719200583680
time,rayon,1,map_light,1048576,7,1489764,4905056719200583680
time,rayon,1,map_light,1048576,8,939913,4905056719200583680
time,sequential,1,map_light,1048576,0,677826,4905056719200583680
time,sequential,1,map_light,1048576,1,661104,4905056719200583680
time,sequential,1,map_light,1048576,2,664951,4905056719200583680
time,sequential,1,map_light,1048576,3,642599,4905056719200583680
time,sequential,1,map_light,1048576,4,669760,4905056719200583680
time,sequential,1,map_light,1048576,5,677896,4905056719200583680
time,sequential,1,map_light,1048576,6,673347,4905056719200583680
time,sequential,1,map_light,1048576,7,651585,4905056719200583680
time,sequential,1,map_light,1048576,8,642789,4905056719200583680
time,weave,1,map_medium,262144,0,4982708,14293429678414833725
time,weave,1,map_medium,262144,1,8010740,14293429678414833725
time,weave,1,map_medium,262144,2,4457438,14293429678414833725
time,weave,1,map_medium,262144,3,4610327,14293429678414833725
time,weave,1,map_medium,262144,4,4834267,14293429678414833725
time,weave,1,map_medium,262144,5,4581052,14293429678414833725
time,weave,1,map_medium,262144,6,4468688,14293429678414833725
time,weave,1,map_medium,262144,7,4495245,14293429678414833725
time,weave,1,map_medium,262144,8,4577492,14293429678414833725
time,rayon,1,map_medium,262144,0,4226073,14293429678414833725
time,rayon,1,map_medium,262144,1,4294372,14293429678414833725
time,rayon,1,map_medium,262144,2,4280337,14293429678414833725
time,rayon,1,map_medium,262144,3,4595564,14293429678414833725
time,rayon,1,map_medium,262144,4,4323900,14293429678414833725
time,rayon,1,map_medium,262144,5,4241452,14293429678414833725
time,rayon,1,map_medium,262144,6,4852443,14293429678414833725
time,rayon,1,map_medium,262144,7,4728828,14293429678414833725
time,rayon,1,map_medium,262144,8,4498205,14293429678414833725
time,sequential,1,map_medium,262144,0,4185958,14293429678414833725
time,sequential,1,map_medium,262144,1,4226605,14293429678414833725
time,sequential,1,map_medium,262144,2,5573819,14293429678414833725
time,sequential,1,map_medium,262144,3,4119391,14293429678414833725
time,sequential,1,map_medium,262144,4,4071201,14293429678414833725
time,sequential,1,map_medium,262144,5,10211223,14293429678414833725
time,sequential,1,map_medium,262144,6,4226174,14293429678414833725
time,sequential,1,map_medium,262144,7,4260799,14293429678414833725
time,sequential,1,map_medium,262144,8,4260438,14293429678414833725
time,weave,1,map_heavy,16384,0,5085886,3845850160839127178
time,weave,1,map_heavy,16384,1,6156875,3845850160839127178
time,weave,1,map_heavy,16384,2,4014773,3845850160839127178
time,weave,1,map_heavy,16384,3,3905415,3845850160839127178
time,weave,1,map_heavy,16384,4,3887692,3845850160839127178
time,weave,1,map_heavy,16384,5,3915825,3845850160839127178
time,weave,1,map_heavy,16384,6,4723807,3845850160839127178
time,weave,1,map_heavy,16384,7,4487735,3845850160839127178
time,weave,1,map_heavy,16384,8,3907721,3845850160839127178
time,rayon,1,map_heavy,16384,0,3963416,3845850160839127178
time,rayon,1,map_heavy,16384,1,4430721,3845850160839127178
time,rayon,1,map_heavy,16384,2,3890131,3845850160839127178
time,rayon,1,map_heavy,16384,3,3872778,3845850160839127178
time,rayon,1,map_heavy,16384,4,3852335,3845850160839127178
time,rayon,1,map_heavy,16384,5,3888313,3845850160839127178
time,rayon,1,map_heavy,16384,6,4475923,3845850160839127178
time,rayon,1,map_heavy,16384,7,4587444,3845850160839127178
time,rayon,1,map_heavy,16384,8,3890779,3845850160839127178
time,sequential,1,map_heavy,16384,0,3777713,3845850160839127178
time,sequential,1,map_heavy,16384,1,4392530,3845850160839127178
time,sequential,1,map_heavy,16384,2,4823501,3845850160839127178
time,sequential,1,map_heavy,16384,3,4308635,3845850160839127178
time,sequential,1,map_heavy,16384,4,3767424,3845850160839127178
time,sequential,1,map_heavy,16384,5,3767915,3845850160839127178
time,sequential,1,map_heavy,16384,6,7840018,3845850160839127178
time,sequential,1,map_heavy,16384,7,4566660,3845850160839127178
time,sequential,1,map_heavy,16384,8,3796489,3845850160839127178
time,weave,1,filter_reduce,262144,0,321073,8856371406656628296
time,weave,1,filter_reduce,262144,1,322020,8856371406656628296
time,weave,1,filter_reduce,262144,2,332921,8856371406656628296
time,weave,1,filter_reduce,262144,3,325517,8856371406656628296
time,weave,1,filter_reduce,262144,4,321089,8856371406656628296
time,weave,1,filter_reduce,262144,5,325768,8856371406656628296
time,weave,1,filter_reduce,262144,6,325146,8856371406656628296
time,weave,1,filter_reduce,262144,7,329684,8856371406656628296
time,weave,1,filter_reduce,262144,8,338993,8856371406656628296
time,rayon,1,filter_reduce,262144,0,186323,8856371406656628296
time,rayon,1,filter_reduce,262144,1,182887,8856371406656628296
time,rayon,1,filter_reduce,262144,2,183358,8856371406656628296
time,rayon,1,filter_reduce,262144,3,176205,8856371406656628296
time,rayon,1,filter_reduce,262144,4,174169,8856371406656628296
time,rayon,1,filter_reduce,262144,5,175824,8856371406656628296
time,rayon,1,filter_reduce,262144,6,175923,8856371406656628296
time,rayon,1,filter_reduce,262144,7,172848,8856371406656628296
time,rayon,1,filter_reduce,262144,8,169492,8856371406656628296
time,sequential,1,filter_reduce,262144,0,102955,8856371406656628296
time,sequential,1,filter_reduce,262144,1,103586,8856371406656628296
time,sequential,1,filter_reduce,262144,2,101964,8856371406656628296
time,sequential,1,filter_reduce,262144,3,104378,8856371406656628296
time,sequential,1,filter_reduce,262144,4,103356,8856371406656628296
time,sequential,1,filter_reduce,262144,5,123354,8856371406656628296
time,sequential,1,filter_reduce,262144,6,139885,8856371406656628296
time,sequential,1,filter_reduce,262144,7,117853,8856371406656628296
time,sequential,1,filter_reduce,262144,8,103556,8856371406656628296
time,weave,1,collect,65536,0,464140,6742075387644313600
time,weave,1,collect,65536,1,367938,6742075387644313600
time,weave,1,collect,65536,2,441908,6742075387644313600
time,weave,1,collect,65536,3,385912,6742075387644313600
time,weave,1,collect,65536,4,402263,6742075387644313600
time,weave,1,collect,65536,5,377732,6742075387644313600
time,weave,1,collect,65536,6,395725,6742075387644313600
time,weave,1,collect,65536,7,438547,6742075387644313600
time,weave,1,collect,65536,8,368333,6742075387644313600
time,rayon,1,collect,65536,0,115428,6742075387644313600
time,rayon,1,collect,65536,1,117203,6742075387644313600
time,rayon,1,collect,65536,2,104468,6742075387644313600
time,rayon,1,collect,65536,3,109237,6742075387644313600
time,rayon,1,collect,65536,4,107093,6742075387644313600
time,rayon,1,collect,65536,5,99128,6742075387644313600
time,rayon,1,collect,65536,6,151858,6742075387644313600
time,rayon,1,collect,65536,7,85753,6742075387644313600
time,rayon,1,collect,65536,8,102084,6742075387644313600
time,sequential,1,collect,65536,0,47800,6742075387644313600
time,sequential,1,collect,65536,1,48242,6742075387644313600
time,sequential,1,collect,65536,2,48271,6742075387644313600
time,sequential,1,collect,65536,3,48823,6742075387644313600
time,sequential,1,collect,65536,4,74541,6742075387644313600
time,sequential,1,collect,65536,5,48271,6742075387644313600
time,sequential,1,collect,65536,6,48231,6742075387644313600
time,sequential,1,collect,65536,7,48332,6742075387644313600
time,sequential,1,collect,65536,8,48251,6742075387644313600
time,weave,1,memory_cache,32768,0,92526,536854528
time,weave,1,memory_cache,32768,1,94940,536854528
time,weave,1,memory_cache,32768,2,92747,536854528
time,weave,1,memory_cache,32768,3,99699,536854528
time,weave,1,memory_cache,32768,4,98116,536854528
time,weave,1,memory_cache,32768,5,97374,536854528
time,weave,1,memory_cache,32768,6,85031,536854528
time,weave,1,memory_cache,32768,7,87396,536854528
time,weave,1,memory_cache,32768,8,89870,536854528
time,rayon,1,memory_cache,32768,0,98371,536854528
time,rayon,1,memory_cache,32768,1,99288,536854528
time,rayon,1,memory_cache,32768,2,99258,536854528
time,rayon,1,memory_cache,32768,3,93497,536854528
time,rayon,1,memory_cache,32768,4,93483,536854528
time,rayon,1,memory_cache,32768,5,95796,536854528
time,rayon,1,memory_cache,32768,6,88588,536854528
time,rayon,1,memory_cache,32768,7,96273,536854528
time,rayon,1,memory_cache,32768,8,135463,536854528
time,sequential,1,memory_cache,32768,0,15479,536854528
time,sequential,1,memory_cache,32768,1,14106,536854528
time,sequential,1,memory_cache,32768,2,15349,536854528
time,sequential,1,memory_cache,32768,3,14127,536854528
time,sequential,1,memory_cache,32768,4,14127,536854528
time,sequential,1,memory_cache,32768,5,14127,536854528
time,sequential,1,memory_cache,32768,6,14116,536854528
time,sequential,1,memory_cache,32768,7,15409,536854528
time,sequential,1,memory_cache,32768,8,14117,536854528
time,weave,1,memory_contiguous,4194304,0,6264068,8796090925056
time,weave,1,memory_contiguous,4194304,1,6566592,8796090925056
time,weave,1,memory_contiguous,4194304,2,5648165,8796090925056
time,weave,1,memory_contiguous,4194304,3,5647233,8796090925056
time,weave,1,memory_contiguous,4194304,4,6961631,8796090925056
time,weave,1,memory_contiguous,4194304,5,6220687,8796090925056
time,weave,1,memory_contiguous,4194304,6,6589657,8796090925056
time,weave,1,memory_contiguous,4194304,7,8288106,8796090925056
time,weave,1,memory_contiguous,4194304,8,5820773,8796090925056
time,rayon,1,memory_contiguous,4194304,0,4605372,8796090925056
time,rayon,1,memory_contiguous,4194304,1,4619561,8796090925056
time,rayon,1,memory_contiguous,4194304,2,4802618,8796090925056
time,rayon,1,memory_contiguous,4194304,3,4706881,8796090925056
time,rayon,1,memory_contiguous,4194304,4,4780208,8796090925056
time,rayon,1,memory_contiguous,4194304,5,4635446,8796090925056
time,rayon,1,memory_contiguous,4194304,6,5552438,8796090925056
time,rayon,1,memory_contiguous,4194304,7,4873641,8796090925056
time,rayon,1,memory_contiguous,4194304,8,4854285,8796090925056
time,sequential,1,memory_contiguous,4194304,0,1833597,8796090925056
time,sequential,1,memory_contiguous,4194304,1,1797569,8796090925056
time,sequential,1,memory_contiguous,4194304,2,2485745,8796090925056
time,sequential,1,memory_contiguous,4194304,3,2009436,8796090925056
time,sequential,1,memory_contiguous,4194304,4,2160251,8796090925056
time,sequential,1,memory_contiguous,4194304,5,1968779,8796090925056
time,sequential,1,memory_contiguous,4194304,6,2449299,8796090925056
time,sequential,1,memory_contiguous,4194304,7,2206885,8796090925056
time,sequential,1,memory_contiguous,4194304,8,1827139,8796090925056
time,weave,1,memory_scattered,4194304,0,16977685,8796090925056
time,weave,1,memory_scattered,4194304,1,18407750,8796090925056
time,weave,1,memory_scattered,4194304,2,18354365,8796090925056
time,weave,1,memory_scattered,4194304,3,17533654,8796090925056
time,weave,1,memory_scattered,4194304,4,19727251,8796090925056
time,weave,1,memory_scattered,4194304,5,24276345,8796090925056
time,weave,1,memory_scattered,4194304,6,30433000,8796090925056
time,weave,1,memory_scattered,4194304,7,35352709,8796090925056
time,weave,1,memory_scattered,4194304,8,24725554,8796090925056
time,rayon,1,memory_scattered,4194304,0,21271989,8796090925056
time,rayon,1,memory_scattered,4194304,1,18561132,8796090925056
time,rayon,1,memory_scattered,4194304,2,17720479,8796090925056
time,rayon,1,memory_scattered,4194304,3,18762266,8796090925056
time,rayon,1,memory_scattered,4194304,4,17715716,8796090925056
time,rayon,1,memory_scattered,4194304,5,17291037,8796090925056
time,rayon,1,memory_scattered,4194304,6,16810118,8796090925056
time,rayon,1,memory_scattered,4194304,7,17317203,8796090925056
time,rayon,1,memory_scattered,4194304,8,17139526,8796090925056
time,sequential,1,memory_scattered,4194304,0,24178057,8796090925056
time,sequential,1,memory_scattered,4194304,1,28963654,8796090925056
time,sequential,1,memory_scattered,4194304,2,26061067,8796090925056
time,sequential,1,memory_scattered,4194304,3,26120142,8796090925056
time,sequential,1,memory_scattered,4194304,4,24936157,8796090925056
time,sequential,1,memory_scattered,4194304,5,26168822,8796090925056
time,sequential,1,memory_scattered,4194304,6,24195097,8796090925056
time,sequential,1,memory_scattered,4194304,7,26102832,8796090925056
time,sequential,1,memory_scattered,4194304,8,24398636,8796090925056
